line_name,avg_delay_minutes
Dlr,9.35
Route 73,9.105263157894736
London Overground,8.5
Northern,8.444444444444445
Central,7.611111111111111
Route 149,6.65
Elizabeth Line,6.533333333333333
District,6.454545454545454
Tramlink,6.2105263157894735
Jubilee,6.133333333333334
Circle,5.818181818181818
Piccadilly,5.695652173913044
Route 24,5.5
Route 38,4.866666666666666
Victoria,3.8333333333333335
Bakerloo,3.3333333333333335
